{"text": " \u2764\ufe0f \u2764\ufe0f \u2764\ufe0f \u2764\ufe0f \u2764\ufe0f", "segments": [{"id": 0, "seek": 0, "start": 0.0, "end": 6.0, "text": " \u2764\ufe0f \u2764\ufe0f \u2764\ufe0f \u2764\ufe0f \u2764\ufe0f", "tokens": [50364, 672, 35156, 32306, 672, 35156, 32306, 672, 35156, 32306, 672, 35156, 32306, 672, 35156, 32306, 50664], "temperature": 0.0, "avg_logprob": -0.752204418182373, "compression_ratio": 1.8888888888888888, "no_speech_prob": 0.7669143676757812}], "language": "nn"}